News,Label
Netanyahu's strong message after drone attack on residence: Won't deter me,1
Nothing will deter me: Benjamin Netanyahu after drone attack near his residence,1
Israel alleges Iran's hand in drone blast near Benajmin Netanyahu's residence,1
World Today: S Jaishankar attends SCO Summit in Pak; Trump-Harris's war of words,1
Death of Hamas leader won't stop 'Axis of Resistance': Ali Khamenei,1
Iranian newspaper likely to face charges over cartoon mocking internet curbs,1
"33 killed in Israeli strikes at Gaza refugee camp, medics say toll�may�rise",1
"Trump, Harris campaign in Michigan in final sprint to US election",1
Hamas considering Yahya Sinwar's replacement from outside Gaza: Report,1
"Kamala Harris spent her life fighting for Americans, says Obama in video",1
"HDB Financial Services IPO: HDFC Bank to offload Rs 10,000 crore of shares, total issue size stands at Rs 12,500 crore",1
"GST panel bats for exemption on insurance premium, health cover for senior citizens; reduces tax on 20L water bottles, bicycles",1
"HDFC Bank Q2 results: Consolidated PAT rises to Rs 17,830 crore, revenue up 14.7% YoY",1
"INDIA bloc divides seats for Jharkhand election; RJD, Left parties unhappy",1
West Bengal Chief Minister refuses to accept demand made by protesting doctors seeking removal of State�s Health Secretary,1
Drone targets Israeli Prime Minister Benjamin Netanyahu�s house as strikes in Gaza kills 50,1
"Robust, reliable, and cleaner backup power solutions from Cummins India Limited and Powerica Limited: Ensuring uninterrupted power supply and promoting environmental stewardship.",1
"China�s JUNO will soon start gathering data on neutrinos, a product of nuclear reactions, to help solve one of the biggest mysteries in particle physics",1
"Congress lagged behind the BJP in urban seats. But even in rural seats, the race was competitive except for those with a large minority component",1
"In more than 67 seats, the contests were bipolar, with the BJP and Congress being the only effective contenders",1
"INDIA bloc divides seats for Jharkhand election; RJD, Left parties unhappy",1
Why are tomato prices rising in october : Data,1
"As there is a cap on fees for U.K. students, the fees of foreign students, especially Indians, are increasingly helping universities bridge the gap",1
There is growing scientific evidence that the Char Dham Highway Project will have catastrophic consequences for the mountain ecology,1
"The man, who was arrested on the spot, had driven his car into nearby fencing and his motive for the attack was not immediately clear, say the news reports",1
Melanie Joly said the government would not tolerate any diplomats who contravene the Vienna Convention or put the lives of Canadians at risk,1
,
,
,
,
,1
,1
,1
,1
,1
,1
,1
,1
,1
,1
,1
,1
,1
,1
,1
,1
,1
